topic,thread,author,timestamp,body
machinemind,Machine Learning,AutoModerator,1679842821.0,"Please post your questions here instead of creating a new thread. Encourage others who create new posts for questions to post here instead!

Thread will stay alive until next one so keep posting after the date in the title.

Thanks to everyone for answering questions in the previous thread!"
machinemind,Machine Learning,fishybird,1679880094.0,"Anyone else bothered by how often LLMs are being called ""conscious""? in AI focused YouTube channels and even in this very sub, comments are getting dozens of upvotes for saying we're getting close to creating consciousness.

I don't know why, but it seems dangerous to have a bunch of people running around thinking these things deserve human rights simply because they behave like a human."
machinemind,Machine Learning,colincameron49,1680293657.0,I have 0 experience with machine learning but looking to solve a problem I have and wondering if ML might not be the solution. Looking for some guidance on tools and how to get started on the project as quickly as possible. I work in agriculture and some portion of my time is reviewing pesticide labels for certain attributes. I have tried different document parsing platforms but the labels between manufacturers are all slightly different so structure has been hard to nail down. The other issue is I am specifically looking for certain key words in these documents as my company sells products that can be paired with pesticides to make them work better. I am hoping to build a workflow where I could drop a PDF into a folder have software spit out some sort of structure surrounding ingredients and instructions while flagging the keywords. I am decently proficient in no-code platforms if one such exists for my problem. Thanks in advance for any guidance. If this is the wrong subreddit for this I also apologize.
machinemind,Machine Learning,Various_Ad7388,1679867853.0,Hey @all if I am just starting off in machine learning what should I learn first Tensorflow or PyTorch or other?? Also once Im more experienced where do I go from there?
machinemind,Machine Learning,zaemis,1679883611.0,"I'm going to train a gpt model (distilgpt2) in a language other than english. At this point I'm just teaching it the language - not worrying about further abilities such as Q&A, I expect that to be later with fine-tuning. Anyway, my dataset is currently a csv with \[id, text\] and each text is a paragraph.

It is my understanding that only 512 characters/tokens are going to be fed in (depending on my max\_length, but my point is that it'll probably be less than the entire length of the paragraph), and beyond that will be ignored. If I were to break the paragraphs into 512-word chunks, I could make better use of the dataset. But most likely those subsequent chunks wouldn't start a phrase or sentence - it'd be starting in the middle of a sentence.

For example, ""The quick brown fox jumped over the lazy sleeping dog."" might be broken up into two samples. ""The quick brown fox jumped over the lazy"" and ""sleeping dog.""

Is it a problem if I use text samples that don't ""start properly?"""
machinemind,Machine Learning,masterofn1,1679897324.0,How does a Transformer architecture handle inputs of different lengths? Is the sequence length limit inherent to the model architecture or more because of resource issues like memory?
machinemind,Machine Learning,topcodemangler,1679915703.0,"Is there any real progress on the JEPA architecture proposed and pushed by LeCun? I see him constantly bashing LLMs and saying how we need JEPA (or something similar) to truly solve intelligence but it has been a long time since the initial proposition (2 years?) and nothing practical has come out of it.

&#x200B;

It may sound a bit aggressive but that was not my intention - the original paper really sparked my interest and I agree with a lot that he has to say. It's just that I would want to see how those ideas fare in the real world."
machinemind,Machine Learning,Dartagnjan,1680002165.0,"Is anyone in need of machine learning prot√©g√©? I am looking for a doctorate position in the German and English speaking worlds. 

My experience is in deep learning, specifically GNNs applied to science problems. I would like to remain in deep learning, broadly but would not mind changing topic to some other application, or to a more theoretical research project.

I am also interested in theoretical questions, e.g. given a well defined problem (e.g. the approximation of the solution of a PDE), what can we say about the ""training difficulty"", is optimization at all possible (re. Tangent kernel analysis),  how architectures help facilitate optimization, and solid mathematical foundations of deep learning theory.

I have a strong mathematical background with knowledge in functional analysis and differential geometry, and also hold a BSc in Physics, adjacent to my main mathematical educational track.

Last week I also started getting into QML with pennylane and find the area also quite interesting.

Please get in touch if you think I could be a good fit for your research group or know an open position that might fit my profile."
machinemind,Machine Learning,thomasahle,1680024881.0,"Are there any ""small"" LLMs, like 1MB, that I can include, say, on a website using ONNX to provide a minimal AI chat experience?"
machinemind,Machine Learning,RandomScriptingQs,1680062591.0,"Is anyone able to contrast MIT's 6.034 ""Artificial Intelligence, Fall 2010"" versus 18.065 ""Matrix Methods in Data Analysis, Signal Processing, and Machine Learning, Spring 2018""?   
I'm wanting to use the one that lies slightly closer to the more theoretical/foundational side as supplementary study and have really enjoyed listening to both Instructors in the past."
machinemind,Machine Learning,james_mclellan,1680108289.0,"Two questions :

(1) Does anyone create missing data when constructing models? Examples - searchjng for stronger relationships between data set and first and second derivatives of time series data, compairsons to same day of week last N periods, same holiday last N periods; examining distance to an urban center for geodata

(2) Does anyone use a model that falls back on functions when a match is not 100%? For example,  ""apple"" may mean fruit, music, machines, music companies or machine companies -- instead of a number 0 to 1 of the probable meaning, does anyone use models where the code ""performs a test"" to better disambiguate?"
machinemind,Machine Learning,MTGTraner,1679650349.0,
machinemind,Machine Learning,mckirkus,1680723849.0,"It seems OpenAI are steering the conversation away from the existential threat narrative and into things like accuracy, decency, privacy, economic risk, etc.

To the extent that they do buy the existential risk argument, they don't seem concerned much about GPT-4 making a leap into something dangerous, even if it's at the heart of autonomous agents that are currently emerging.  

>""Despite extensive research and testing, we cannot predict all of the [beneficial ways people will use our technology](https://openai.com/customer-stories), nor all the ways people will abuse it. That‚Äôs why we believe that learning from real-world use is a critical component of creating and releasing increasingly safe AI systems over time. ""

Article headers:

* Building increasingly safe AI systems
* Learning from real-world use to improve safeguards
* Protecting children
* Respecting privacy
* Improving factual accuracy

&#x200B;

[https://openai.com/blog/our-approach-to-ai-safety](https://openai.com/blog/our-approach-to-ai-safety)"
machinemind,Machine Learning,Imnimo,1680725016.0,"Good for them for focusing on actual safety and risks, rather than ""what if GPT-5 figures out how to make nanobots by mail?"""
machinemind,Machine Learning,currentscurrents,1680725380.0,"I'm not really concerned about existential risk from GPT-4 either. The AGI hype train is out of control. 

LLMs are very cool and likely very useful, but they're not superintelligent or even human-level intelligent. Maybe they might be if you scaled them up another 1000x, but we're pretty much at the limit of current GPU farms already. Gonna have to wait for computers to get faster."
machinemind,Machine Learning,cyborgsnowflake,1680725939.0,"'AI Safety' these days increasingly just means closed models and politically curated or censored responses. 

Are there issues with LLMs? Yes, but nothing thats going to be improved by keeping them under the sole purview of megacorps and governments."
machinemind,Machine Learning,rePAN6517,1680737145.0,"Sam Altman has been very public in stating that OpenAI is going for short timelines and slow takeoffs.  The best way to increase the odds of a slow takeoff is to keep releasing marginally improved systems, so that the first that *is* capable of recursive self-improvement isn't very good at it and kind of needs to make a lot of tricky and time-consuming things happen to really get the ball rolling.  

They're just hoping that first capable system (or a predecessor) is capable of turbocharging alignment before takeoff gets too far."
machinemind,Machine Learning,reditum,1680725053.0,"This is obvious, they're worried about real threats, not imagined doomsday scenarios."
machinemind,Machine Learning,andrew21w,1680730522.0,"The ""being factual"" if not downright impossible, it's insanely difficult.


For example, scientific consensus on some fields changes constantly.


Imagine that GPT4 gets trained on scientific papers as part of it's dataset. As a result it draws information from these papers.


What if later a paper get retracted? What if, for example, scientific consensus changed after the time it was trained? Are you spreading misinformation/outdated information? 


How are you gonna deal with that?


And that's just a kinda simple example."
machinemind,Machine Learning,lifesthateasy,1680730657.0,"How about making their models open source, as in ""Open""AI?"
machinemind,Machine Learning,Snoo-64902,1680731320.0,What are these comments? Has OpenAI created a botnet to create positive sentiment about them on Reddit?
machinemind,Machine Learning,Digital__Salvo,1680742647.0,"What's concerning is the number of people giving GPT a prompt, and when it delivers something believable but not accurate, they cant wrap their head around the fact it is ""articulate"", yet wrong (or just made something up because it ""makes sense""). 

What this spectacle shows us is we are capable of creating an interface to meaningfully interact with a complex system like GPT. So much so that any lay-person can do it."
machinemind,Machine Learning,gruevy,1680732407.0,"""Learning from real-world use to improve safeguards"" and ""Protecting children"" are kinda why chatgpt sucks, tho. It's like trying to get a contrary opinion from a brick wall with Karen from Corporate HR painted on it."
machinemind,Machine Learning,Sirisian,1680735050.0,"https://ai.facebook.com/blog/segment-anything-foundation-model-image-segmentation/

https://github.com/facebookresearch/segment-anything

> Today, we aim to democratize segmentation by introducing the Segment Anything project: a new task, dataset, and model for image segmentation, as we explain in our research paper. We are releasing both our general Segment Anything Model (SAM) and our Segment Anything 1-Billion mask dataset (SA-1B), the largest ever segmentation dataset, to enable a broad set of applications and foster further research into foundation models for computer vision. We are making the SA-1B dataset available for research purposes and the Segment Anything Model is available under a permissive open license (Apache 2.0)."
machinemind,Machine Learning,WarProfessional3278,1680738847.0,"From what I've read, the model can achieve pretty impressive inference speed for mask generation on client (\~50ms) on cpu, and has amazing integration with free form text prompting. However, this requires the image be preprocessed by the image encoder (pretrained MAE ViT):

>Given a precomputed image embedding, the prompt encoder and mask decoder run in a web browser, on CPU, in ‚àº50ms.

I doubt this would be practical for real time segmentation, but I am happy to be prove wrong. Regardless, new open source SOTA is always a big win for the community."
machinemind,Machine Learning,Sirisian,1680739452.0,"There's also these recent projects if you missed them:

https://jerryxu.net/ODISE/  
https://github.com/hujiecpp/YOSO"
machinemind,Machine Learning,Borky_,1680737457.0,guess there goes my job
machinemind,Machine Learning,Xayo,1680756456.0,Could anyone find the code or a pretrained model? I could not.
machinemind,Machine Learning,Moiz_rk,1680749422.0,"I am an NLP researcher whose mother tongue is Urdu. Despite being a high volume language it remains  low/poorly resourced. So my plan was to follow the steps that diab et Al did for Arabic and English code switching i.e. 1) gather a dataset with both language pairs in the same sentence 2) tag individual terms 3) train for down stream tasks.

I have looked up and found few datasets for Roman Urdu that I can extend for my work and then use LLMs to augment. 

My plan was also to write the ideas in an outline document just to help me stay on track.

Are there any pointers before I embark on this."
machinemind,Machine Learning,nicku_a,1680685005.0,"Previous post: [https://www.reddit.com/r/MachineLearning/comments/120h120/p\_reinforcement\_learning\_evolutionary/](https://www.reddit.com/r/MachineLearning/comments/120h120/p_reinforcement_learning_evolutionary/?utm_source=share&utm_medium=web2x&context=3)

We've just released a big update to our evolutionary HPO framework for RL, which is 10x faster than the state-of-the-art!

You can now use evolvable CNNs to tackle visual environments like Atari üëÄ

We've also added network config support so that you can easily define your architectures, increasing compatibility with other RL libraries üõ†Ô∏è

Check it out!

[https://github.com/AgileRL/AgileRL](https://github.com/AgileRL/AgileRL)"
machinemind,Machine Learning,dingdongkiss,1680707403.0,"If I understand correctly it's the same model architectures & RL algorithms, but by finding good hyperparameters quickly it's in effect making the learning much more sample efficient?"
machinemind,Machine Learning,paramkumar1992,1680685863.0,Phenomenal! Really exciting. Faster training and better performance for visual environments!
machinemind,Machine Learning,LightVelox,1680704861.0,"No joke this could be the thing that would make me want to become an AI Developer, I always loved the area but i'm simply not patient enough to have to wait dozens of hours of training to try pretty much anything i'm developing, cutting this down to possibly minutes (in very small models, obviously) would be a godsend"
machinemind,Machine Learning,thecuteturtle,1680717205.0,And it works with gymnasium? Nice! Might need to brushup then
machinemind,Machine Learning,sebzim4500,1680729395.0,How sensitive is it to the meta-hyperparameters?
machinemind,Machine Learning,dingdongkiss,1680733700.0,"Oh wow, I didn't realise the agent model architecture is part of the search space. From my understanding, neural network architecture search is quite domain specific, and isn't used much as a starting approach.

Do you have some intuition for why (empirically/theoretically) your implementation works well in an RL setting?

From what I can tell the fitness function used is an aggregate of the rewards for that agent - how do you think these evolutionary algorithms would perform in environments with long episodes (10^4 steps maybe) and sparse rewards? eg. a 0/1 in the terminal state for failure/success"
machinemind,Machine Learning,MohamedRashad,1680703193.0,"Another chatbot trained by fine-tuning Meta‚Äôs [LLaMA](https://ai.facebook.com/blog/large-language-model-llama-meta-ai/) on dialogue data gathered from the web.

https://preview.redd.it/rpgsepgun2sa1.png?width=1600&format=png&auto=webp&v=enabled&s=4dbaf8c73c3b206e9ca457f512fce3d03fb46c6d

demo: [https://chat.lmsys.org/?model=koala-13b](https://chat.lmsys.org/?model=koala-13b)

blog post: [https://bair.berkeley.edu/blog/2023/04/03/koala/](https://bair.berkeley.edu/blog/2023/04/03/koala/)

opensource weights: [https://drive.google.com/drive/folders/10f7wrlAFoPIy-TECHsx9DKIvbQYunCfl](https://drive.google.com/drive/folders/10f7wrlAFoPIy-TECHsx9DKIvbQYunCfl)"
machinemind,Machine Learning,WarProfessional3278,1680739440.0,Berkeley is catching up fast! Vicuna last week and Koala now. By next month we'll run out of animal names for the new models lol
machinemind,Machine Learning,ktpr,1680728897.0,What open source model is given for the weights? Derivatives of LLaMA weights can not be used for commercial purposes unlike code licensed with MIT or Apache.
machinemind,Machine Learning,bys299,1680725149.0,It still completely fabricates citations and references. Also it performed poorly on some technical questions I asked.
machinemind,Machine Learning,Radiant_Routine_3183,1680667821.0,"Greetings. I recently came across a Twitter by Yann LeCun that sparked an interesting idea. He shared a Nature article ([https://www.nature.com/articles/s41562-022-01516-2](https://www.nature.com/articles/s41562-022-01516-2)) that suggests human brain neurons may have hierarchical structures to track long-range context. Considering the limitations of current LMs in making basic logic errors and lacking long-range logical reasoning, could Hierarchical Transformers or similar architectures be a solution?

I found a recent paper from OpenAI and Google that demonstrates the possibility of Transformers learning higher-order representations of text:[https://arxiv.org/pdf/2110.13711.pdf](https://arxiv.org/pdf/2110.13711.pdf)

Could this be a potential solution to improve the Long-Range Logic Reasoning in LMs? What are your thoughts on this?

Edit: In broad terms, the way I understand Hierarchical Transformers is that they not only learn low-level representations for short-term predictions but also higher-level representations for long-term predictions. It's somewhat reminiscent of Yann LeCun's concept of Hierarchical JEPA, as mentioned in his article 'A Path Towards Autonomous Machine Intelligence'"
machinemind,Machine Learning,oodmb,1680669793.0,Could be.  Why not try it?  You never know - if you beat a relevant benchmark you might end up writing a great paper.
machinemind,Machine Learning,Sweet_Protection_163,1680673503.0,"I think the time complexity of hierarchical models is what scares most away (especially agglomeration approaches). But perhaps you will find a way to feasibly test it! If we can find an fast way to update a hierarchical network, I believe it could overtake current transformers in ability."
machinemind,Machine Learning,keepthepace,1680683881.0,"Maybe but I am wondering if LLMs are not already doing this by stacking attention layers. 

I feel like the stacking of layers provides an emergent hierarchical reasoning and that the huge context size already provides an ability to iterate a reasoning. 

Of course there are certainly architectures able to optimize that much more, but if true there is also merit in the approach that says ""we have all we need, slap more layers and GPU to this"". 

I would love to see a way to stack transformers that would merge tokens. Maybe a simple addition could do the trick? On some layers, divide the context size by k by simply adding tokens n, n+1,... n+k and you should get a hierarchical representation of the data."
machinemind,Machine Learning,Fit-Recognition9795,1680671203.0,"What is the ""Hierarchical Transformer"" you  are referring to?"
machinemind,Machine Learning,boring_pencil,1680671081.0,Can somebody ELI5? I tried to read the first paper but got completely lost
machinemind,Machine Learning,LowSpecDev972,1680680391.0,"I feel like we already do that with ""cognitive architecture"", using multiple context to track long range but also deeper semantic. Instead of simple hierarchy, we build entire graph of context each treating different aspacts. For example hierarchical long range memory is handled by summarization and salience sorting based on user input, then query of the most salient summury from the log (probably stored as a pinecone like sentence embedding database), merged back in the output context as context prompt with the user input. The thing is that we simply abstracted the network by using the same ""foundation"" but at different function level."
machinemind,Machine Learning,AbleMountain2550,1680683620.0,"Maybe they already using it in GPT-4, as OpenAI didn‚Äôt share with the rest of us GPT-4 architecture and the secret sauce of those 100+ small optimisation"
machinemind,Machine Learning,LanchestersLaw,1680684973.0,"With the way LLMs developed I wonder if higher order tokenization is a better way to conceptualize this? We have good models that already work on tokenized natural language. A higher order model which treats characteristics of sentences, paragraphs, and/or chapter length text as tokens and then does the same thing as the lower level LLM but more abstract. It seems like that could be an interesting approach."
machinemind,Machine Learning,baffo32,1680711329.0,"This is the kind of thing where if you did it well enough you wouldn‚Äôt need advanced hardware to show it. Hierarchical relationships could significantly reduce unneeded computation, especially with a couple recursions."
machinemind,Machine Learning,Brand_EX,1680710085.0,Well I mean Optimus Primes best friend Bumblebee was able to predict the landing of Megatron on earth and help prepare and gather the other Transformers to protect us all from them taking over. I think that gathering together took a lot of teamwork and predictive planning in advance and proves that machines can do a lot with the help of their friends.
machinemind,Machine Learning,Just_Paramedic_5198,1680733870.0,"[https://github.com/circulatedev/last-stop](https://github.com/circulatedev/last-stop)

Hi everyone,

My friend and I are building a platform that allows you to host a ChatGPT website within your own network - whether it's in an organization or at home!

The benefits include:

* Monitoring for DLP scenarios / employee needs
* Getting back control of current AI platforms
* Preventing users from bringing their own accounts
* Deploying within your network

&#x200B;

Future Plans:

* Easier deployment process using Beanstalk / K8s
* Integrate with existing DLP solutions / advanced DLP capabilities
* Enable prompt sanitization
* Enable SIEM features
* Build internal corpus for prompts / responses

Come check it out and please give us any feedback! We are working with some decision makers in the community and would love to share this with the broader audience.

Cheers,

kai-ten"
machinemind,Machine Learning,Matas979,1680733057.0,"Foundation models are trained on a ton of data that encompasses much more than what we exposed simpler neural nets to 4-5 years ago. Moving forward, presumably they'll have even more data that encompasses more scenarios/contexts. 

Do past advantages around ""quality of data"" become less important?"
machinemind,Machine Learning,JustOneAvailableName,1680735797.0,"Lots of research over the past few years showed that more data of lesser quality improved models. Now I think it's trending the kther way around again, that the focus is more and more on quality of data again"
machinemind,Learn Machine Learning,ChirperChiara,1680700359.0,
machinemind,Learn Machine Learning,GusPlus,1680730589.0,It‚Äôs just numbers in Chinese? It didn‚Äôt translate that sentence at all.
machinemind,Learn Machine Learning,nojokes4you,1680729935.0,What the fuck? It did not translate at all.
machinemind,Learn Machine Learning,Datsoon,1680715512.0,"Why is this not just this title with a link to the Microsoft blog post? This is a terrible way to spread awareness, if that's what you're trying to do."
machinemind,Learn Machine Learning,inglandation,1680722880.0,Do we need to have tiktok videos everywhere?
machinemind,Learn Machine Learning,darkaurora84,1680735125.0,I really hope they don't start using AI to translate movies and TV shows. The translations will be so bad. AI can't even caption voice in the same language perfectly
machinemind,Learn Machine Learning,babysharkdoodoodoo,1680707260.0,"Curious why the down votes, not legit?"
machinemind,Learn Machine Learning,unreachabled,1680752463.0,"Wow, I think we all know what consequences this can easily bring to us. Fraud, scams, spams will be so much easier now"
machinemind,Learn Machine Learning,kidnamedtonny,1680740763.0,Useful tool. I like everything about it.
machinemind,Learn Machine Learning,ChirperChiara,1680700366.0,"Follow us on our socials for more AI news and giveawaysüí°:  
https://linktr.ee/the\_ai\_insider"
machinemind,Learn Machine Learning,random-incident,1680754589.0,That invention would change the world and finally allow the planet to act as one (unless you know who intervenes again to prevent it).
machinemind,Learn Machine Learning,Long_Mango_7196,1680710652.0,"I am working on an NLP project, and I am wondering why we use cosine similarity to compare transformer embeddings instead of some other distance calculation like Euclidean distance. 

I understand that for other text-to-vec features (tfidf, word2vec, etc.), the magnitude increases as the length of the text increases. In this circumstance, I understand why we would care about the angle between vectors instead of distance. 

For transformers, I can't find any resource that says that the magnitude of transformer embeddings increases with the size of the text. Is this the case? Because if the magnitude doesn't increase, why would we use cosine similarity instead of a distance metric?"
machinemind,Learn Machine Learning,gunshoes,1680714104.0,"Euclidean distance implies two points in space to calculate a distance metric between. Embeddings are conceptually more similar to vectors in an n-dimensional space, so a vector measure is more cohesive intuitively. Technically they are more or less equivalent since you can transform between the two with a linear function.

Practically, cosine similarity is bound between -1 and 1, while Euclidean distance is unbounded towards infinity. This behavior is suboptimal with most models due to risk of overflow.

Also, nth root calculation for Euclidean is more costly than dot product for similarity."
machinemind,Learn Machine Learning,olavla,1680719521.0,"Per ChatGPT-4:

Cosine similarity is often preferred in comparing transformer embeddings over other distance metrics like Euclidean distance for a few reasons:

Scale invariance: One of the main advantages of using cosine similarity is that it is scale-invariant. This means that it measures the similarity between vectors regardless of their magnitudes. In NLP tasks, the magnitude of the vectors might not always be directly related to the meaning or relevance of the text. Cosine similarity focuses on the angle between vectors, which helps mitigate this issue.

Robustness to different text lengths: Although the magnitude of transformer embeddings may not necessarily increase with the length of the text, longer texts still tend to have higher magnitudes due to the aggregation of information. By using cosine similarity, we can better handle cases where the text length varies significantly, as the angle between vectors is less sensitive to such variations.

Interpretability: Cosine similarity values range from -1 to 1, which provides an intuitive and interpretable measure of similarity. A value of 1 means that the vectors are identical, 0 means they are orthogonal (unrelated), and -1 means they are diametrically opposed. This simplicity makes cosine similarity easier to understand and communicate compared to other distance metrics.

Suitability for high-dimensional spaces: In high-dimensional spaces, the Euclidean distance between points tends to increase as the dimensionality increases, leading to a phenomenon called the ""curse of dimensionality."" Cosine similarity is less affected by this problem, as it focuses on the angle between vectors rather than their absolute distance. Transformers create high-dimensional embeddings, so using cosine similarity can be more appropriate in such cases.

Precedent in NLP: Cosine similarity has been successfully used in various NLP tasks and models (e.g., tf-idf, word2vec, doc2vec, etc.). This established usage may contribute to its popularity and preference when working with transformer embeddings as well.

In summary, cosine similarity is preferred for comparing transformer embeddings primarily because it is scale-invariant, robust to different text lengths, interpretable, suitable for high-dimensional spaces, and has a precedent in NLP applications. However, it's essential to consider the specific problem and requirements when choosing the appropriate distance metric, and in some cases, other metrics like Euclidean distance might be more suitable."
machinemind,Learn Machine Learning,wise0807,1680757642.0,"Good question. Cosine similarity is simply the cosine angle üìê formed by two vectors. You get this by calculating the dot product and dividing by the length of the vectors. - A.B/(A^2)*(B^2). This makes the model optimize for the meaning of the text (direction of vectors) rather than the exact words or sentence structure, giving it the ability to generalize. If we used the rmse error term, we would optimize for exact sentence structure and words and it would not generalize well. Also when I said vector that includes tensors as well."
machinemind,Learn Machine Learning,Appropriate_Rip_6597,1680747858.0,"Hi, I'm currently taking a CS major, it is my second year. But I never had any experience with ML. I have well understanding of Java, and recently started on python using \[python crash course - Eric Matthes\] 

So I try to come up with a road map for what to study but there are just too many topics to cover from math to programming to training data. I decide to finish up Python first but then after that, I have no idea what topic should I cover next and what is important and what is not. Does anyone have a good road map that I can use as a guide line to study on?"
machinemind,Learn Machine Learning,wh1te_whale,1680758630.0,"I am planning to build an application where users can select authors. Now using the past articles written by the authors selected by the user, text should be generated which is meaningful and gives the flavor of all the authors which were originally selected by the user. How should I proceed and what model should I use?"
machinemind,Learn Machine Learning,brow_n69,1680757105.0,"I wanna make a classifier which can take a word as an input and tell if its an illegal substance/activity or not. How can i do this, I tried to search for datasets but there arent any, what concepts do I need here, I am lost.   
Thanks in advance"
machinemind,Learn Machine Learning,MLwithMe1617,1680756030.0,
machinemind,Learn Machine Learning,ChyNhk,1680754147.0,"Hi, I am kinda new to machine learning

How do you work with GLCM features and CNN? I've tried to use the graycomatrix and feed it into AlexNet and have low loss and accuracy, my professor told me to use the matrix's features, but that would end me on a 1D array containing values of each features and I can't use 2D architecture CNN

What should I do? Reshape the features so I can get a N*N matrix? Or anything? 

Thank you in advance guys

(I also posted this on the simple question thread)"
machinemind,Learn Machine Learning,Complex_Presence,1680724451.0,"I'm not even sure where to start here. I'm a .NET developer and have been tasked with the following. I can use .NET or python to do the work.

We repair electronic devices. We have 15 years or so of data. We want to ""predict"" what parts will be needed to fix the device when the customer submits a repair request. This will be based on the device, the problem type selected, the age of the device, etc.

Can someone point me to a library or model that I should be looking at?"
machinemind,Learn Machine Learning,NameError-undefined,1680728607.0,Seems like a classification problem if I‚Äôve ever seen one. Two main paths possibly more but I would start with neural network or clustering. I have no experience at all with .NET so I would use Python. Judging by your description I would say you have a supervised learning problem since you have 15 years of data
machinemind,Learn Machine Learning,Hot-Profession4091,1680743480.0,"If you‚Äôre more comfortable with C#, then ML dotnet may be a good choice for you. You have a classification problem and the tutorial has an example of a classification problem. 

https://dotnet.microsoft.com/en-us/learn/ml-dotnet/get-started-tutorial/intro"
machinemind,Learn Machine Learning,EntshuldigungOK,1680749327.0,"What makes it a certainty that ML is even needed here? 

Unless I am missing something, this sounds like a simple 15 to 30 min job of a standard sql join.

Also, the narrowness of the scenarios (limited attributes), and the rather limited amount of data (15 years * 100 problems per day * 250 days per year isn't much) suggests that Deep Learning will suit this better than ML"
machinemind,Learn Machine Learning,Apokalipsis113,1680753319.0,"Business task is not full. Before trying to predict there is must be analysis for current possibilities. That is a classification problem that can gives data that allow to use ANN and predict or recommend. Prediction with ANN is not a miracle, it's based on data. So focus and explore data first and during exploring you get answers. 

Python with keras above tensorflow is the best option for now."
machinemind,Learn Machine Learning,GamesWithGregVR,1680743037.0,"Im running and reading though these functions listed here. 

[https://pytorch.org/docs/stable/cuda.html](https://pytorch.org/docs/stable/cuda.html)

I have installed pynvml as asked when using the function `torch.cuda.max_memory_allocated(device=None)`

Or 

`torch.cuda.set_per_process_memory_fraction(.50, device=None)`

&#x200B;

https://preview.redd.it/czhnqdtjx5sa1.png?width=1061&format=png&auto=webp&v=enabled&s=9b4e0ec6f3dce4dd255ecaaeaf01d1785fc86cc8

When i run the script 

`python tortoise/do_tts.py --text ""I'm going to speak this"" --voice random --preset fast` 

I Get this error : 

https://preview.redd.it/cespuyk9y5sa1.png?width=2527&format=png&auto=webp&v=enabled&s=cacaaccadafed8e720c6d706ee3e20a7118e39a8

&#x200B;

Do i need to go into the cuda files and set the memory allocation myself? Or would these functions work? 

&#x200B;

Perhaps there is something else im missing.

&#x200B;

Thank you."
machinemind,Learn Machine Learning,itsyourboiirow,1680721535.0,"I am planning on fine-tuning a LLaMa model (7B) for a course project. I plan on using the UL2 fine-tuning objective to see how it impacts scores. However, these models were trained on an insane amount of data, and I want to avoid fine-tuning it on data that it was already trained on... I am looking for datasets that could help with this or is this an issue that I don't really need to worry about?"
machinemind,Learn Machine Learning,iplaytheguitarntrip,1680726010.0,!remindme 1 week
machinemind,Neuro-Linguistic Programming,sordidbear,1612807903.0,"Are you interested in Natural Language Processing? Go to /r/LanguageTechnology.

Are you interested in machine learning applied to understanding language? Go to /r/LanguageTechnology.

Are you interested in Richard Bandler and John Grinder's approach to communication, personal development, and psychotherapy known as *Neuro-Linguistic Programming*? You're in the right place."
machinemind,Neuro-Linguistic Programming,lefnire,1619056260.0,"I'm building a product that will use NLP (the tech) to deliver NLP (this). Destiny.

Also, I love the confusion, cracks me up every time. Can just sense the frustration in this pinned post."
machinemind,Neuro-Linguistic Programming,aladinmothertrucker,1616428888.0,I am a Natural Language Processing engineer who is interested in NeuroLinguistic Programming for developing my social skills. Most of my peers don't know what NeuroLinguistic Programming is :/
machinemind,Neuro-Linguistic Programming,mathathon1234,1612808103.0,Finally lol
machinemind,Neuro-Linguistic Programming,TheThinkersThoughts,1623199976.0,I'm a recently certified NLP practitioner so u want to continue to learn as much as u can
machinemind,Neuro-Linguistic Programming,JoostvanderLeij,1612878039.0,Sad state of affair: most NLP trainers do such a bad job that NLP is more and more being associated with Natural Language Processing.
machinemind,Neuro-Linguistic Programming,CaregiverNo2642,1623153848.0,As an NLP trainer I only began to realise the depth of their knowledge and genius Mind blowing
machinemind,Neuro-Linguistic Programming,pranav3122,1624899455.0,Hey can anyone suggest me research paper topic on NLP for ug studei
machinemind,Neuro-Linguistic Programming,CountJothula,1612808503.0,I remember trying to start off when iwas younger with the bandler books. Whew they are really deep to start with. Had to go back to them after reading and taking a bunch of courses.  Even after I became a hypnotherapist it's still pretty intense. The understanding of those guys is mind blowing
machinemind,Neuro-Linguistic Programming,CaregiverNo2642,1623153792.0,Genius is the word I think
machinemind,Neuro-Linguistic Programming,may-begin-now,1656458703.0,"Does anyone have the time line information of when the computer language NLP started? It can't be as old as the Neuro linguistic programming NLP . I vote they change their terminology to one more unique to their subject so when someone looks up NLP the neural linguistic programming content is shown and thus eliminating the misdirection that caused this post ......just my opinion....lol


/s"
machinemind,Neuro-Linguistic Programming,AutoModerator,1672563610.0,"This post is for any and all self-promotional material. This includes: books, services, workshops, youtube channels, web pages, blogs, etc.

Likewise, if you are looking for books, services, workshops, youtube channels, web pages, blogs, etc created by members of /r/NLP then this is the place to look!

A new self-promotional thread is created once every 6 months.

See [this collection](https://www.reddit.com/r/NLP/collection/69e72dd6-ba93-4a4b-9716-3ee7567c8ed0) for past self-promotion threads."
machinemind,Neuro-Linguistic Programming,eew_tainer_007,1676522639.0,"Join the dream Legal Tech focussed on serving the community. A company which develops products that put money into peoples pockets using AI. 

Looking to hire bunch of  founding freelancers  who would want to get involved in building a ""community version"" legal tech similar to [harvey.ai](https://harvey.ai) . The focus of the application is  Tenant law. Within Tenant law, it is narrowly focussed on the subject/law related to refunding tenants their rightful security deposit monies  held by landlords. There is more than $B illegally held by landlords ( in America) and there can be no better and cooler use case. 

Input data sets (A)  Large corpus of Q and A asked by real humans and replied by real attorneys. See example below. (B) Law text (actual law) (C) Case laws - text where the courts applied the law to specific cases.(D) Tenant agreement. (E) Any emails, text message that transpired between the tenant and landlord. 

Product concept: User  engage with the product and ask natural language questions. AI leads the user to Attorney/Paralegal assisted reply. (RHLF). Multiple Workproducts are generated. Some products will be shown to the user. One such work product  would be a demand letter in the context of the users. For a fee, the system will generate a ready to file court papers. Tool will be capable of computing ""chances of success"", risk of settling vs litigating and other forms of advice to empower the tenant make truly informed decision aided by AI and law humans. 

Skills - Anything that will make this NLP product take off and help boost your careers and passion. Front end, back end, data scrapers, ML/AI/NLP. I am particularly interested in mathematicians who understand concepts of evidence fusion and can fuse information using Dempster-Shafer theory or similar concepts. There is more to NLP than just processing text. Text can be converted into appllied intelligence which can then be fused with other data sources to make precision products. 

Dont wait - your employers or toxic boss will not give you that free reign to experiment and make your dreams come true. I am not selling a dream. I am creating a platform of hope . Join the discord and make this real. You dont lose nothing. Want a title ? Want to be on the board ? Want a visa to come to USA ? As a non-profit venture, we   embrace diversity and inclusion. 

For a chance of life time and YOUR better tomorrow. Discord:[https://discord.gg/uer2wCbe](https://discord.gg/uer2wCbe) DM welcomed. 

\-----------\*-----------\*-----------\*-----------\*-----------\*-----------\*-----------\*-----------\*-----------\*-----------\*-----------\*-----------\*

Sample Q and A

Real Human : ""question"": ""What happens to the landlord fails to refund the deposit within 21 days?"",  
	""body"": ""It's actually 13 days past the 21-day deadline. I'm the agent working for the landlord. I've just emailed(past the deadline) the tenant the list of damages and refund amount. And, now the tenant is threatening to go to court for not agreeing on the amount. I did a walk-thru with tenant the day after he vacates the property and there are a few things which I've missed during the walk-thru. Can the tenant hold the walk-thru list against me? There were extensive damages to the wood flooring in the kitchen and dining area. Is it reasonable to charge flooring replacement for the entirety of the two areas? It's impossible to get the wood flooring to match the original wood since the product was phased out. Therefore, a replacement flooring is the only option and I've gotten a very reasonable priced material and labor."",  
	""answers"": \[  
		{  
Real Attorney ""answer"": ""Under California Civil Code section 1950.5, within 21 calendar days after a tenant moves out, the landlord must either send a full refund of the security deposit, or mail or personally deliver to the tenant an itemized statement that lists the amounts of any deductions from the security deposit and the reasons for the deductions, together with a refund of any amounts not deducted. According to the California Supreme Court decision in the case of Granberry v. Islay Investments (1995) 9 Cal.4th 738, 745, after the 21 days have transpired, the landlord loses the right to keep any of the security deposit and must return the entire deposit to the tenant. A tenant who does not receive a return of the security deposit from...

Outputs:

1. Demand letter to Landlord (human reviews)
2. Small Claims court papers. ( tool determines jurisdiction, human confirms.)
3. Legal brief lite.
4. List of documents, exhibits
5. Other computations ( various proprietary metrics)

\-----------\*-----------\*-----------\*-----------\*-----------\*-----------\*-----------\*-----------\*-----------\*-----------\*-----------\*-----------\*

Made in Silicon Valley and approved for publication."
machinemind,Neuro-Linguistic Programming,theEmotionalOperator,1678621913.0,"Just drop by at the memory work forum in r/MemoryReconsolidation   


A lot more modalities than NLP exploit that stuff, but obviously a lot of the field pioneers came from NLP in specific. So your input is appreciated."
machinemind,Neuro-Linguistic Programming,Red-Oak-Capital,1680730231.0,"Aristotle: Rhetoric Book 1, Chapter 11 - Definition of pleasure and then how it moves in the soul.  Interesting of how similar the two author's describe feeling and perceived sensation of movement."
machinemind,Neuro-Linguistic Programming,DragonfruitNeat3362,1680731567.0,Gonna need some quotes or something‚Ä¶.
machinemind,Neuro-Linguistic Programming,hopeislost1000,1680710172.0,
machinemind,Neuro-Linguistic Programming,DevOpsMuffin39,1680710538.0,"Ask them how they made that decision or come to that conclusion to purchase that latest iPhone, TV, Truck etc..."
machinemind,Neuro-Linguistic Programming,JoostvanderLeij,1680714645.0,"I built a whole website to answer this question => [https://nlpprotoscience.org/](https://nlpprotoscience.org/)

Basically, if no NLP trainer ever says that NLP is scientific, NLP can't be pseudoscience. Instead NLP is a protoscience."
machinemind,Neuro-Linguistic Programming,gyrovagus,1680744006.0,"I don‚Äôt need it to be hard science. I need it to be useful, and I find it useful."
machinemind,Neuro-Linguistic Programming,crazypreneur,1680711383.0,"Ah, there are so many funny responses you could do:

""pseudo science! According to who?"" 

""Ahh, so YOU think its pseudoscience... Do you have any evidence?""

""How do you know?""

""How do you know that's not true?""

""Only a **pseudoscientist** would say that!"""
machinemind,Neuro-Linguistic Programming,00roast00,1680710321.0,"All psychology is pseudoscience, it's all a subjective experience."
machinemind,Neuro-Linguistic Programming,raphaelarias,1680711930.0,"Yeah man, sure."
machinemind,Neuro-Linguistic Programming,Bliss_Cannon,1680733035.0,I would reluctantly agree.  NLP has deliberately moved away from science and scientific research.  It's problematic...
machinemind,Neuro-Linguistic Programming,drsmith48170,1680721620.0,"I thought the first rule of NLP was don‚Äôt talk about NLP?

Prove Me Wrong! üòú"
machinemind,Neuro-Linguistic Programming,EliteHypnosis,1680724815.0,"I prefer the Ace Ventura response: ""Yeah? And you're ugly."""
machinemind,Neuro-Linguistic Programming,CaregiverNo2642,1680726746.0,I ask them does God exist!
machinemind,Neuro-Linguistic Programming,allyouthinkisshit,1680705602.0,"Hi everyone! I ve been reading and practicing NLP in my life which got me through all the problems that I faced within my life, since the whole problem was actually on my way of thinking, so I programmed myself becoming an amazing one. I would love to share that to others, but I have to be accredited so I can teach NLP. Do you know some legit websites which are offering this kind of certificate? I tried to make my research on google, but I don't know what to choose.. maybe some of you have more experience in this regard üòÖ"
machinemind,Neuro-Linguistic Programming,crazypreneur,1680710638.0,"You actually dont need to be ""accredited"" to teach NLP. NLP is not trademarked. It is not a protected brand. However, if you are not tony robbins or any other well known coach, people are looking for ""certified nlp trainers"""
machinemind,Neuro-Linguistic Programming,hypnaughtytist,1680707505.0,"Are you more interested in teaching others NLP or how to be an ""amazing one""? There's a big difference between learning bits and pieces of NLP and teaching it, as an entire methodology, but if you stay in your own sandbox, you can help people and there's really no need for certification."
machinemind,Neuro-Linguistic Programming,Affectionate_Chef836,1680713723.0,"Hi!
Which book do you recommend me to read first?, üòÅ"
machinemind,Neuro-Linguistic Programming,thepythonesse,1680591963.0,"Hi guys! I'm an NLP novice and I'm more into reading than taking online courses. As the title of the post says, I'm looking for a well-written and easy to follow book on NLP, dark psychology and manipulation. Since there is lots of literature on that topic, can anyone recommend a partucular title? Thanks in advance!"
machinemind,Neuro-Linguistic Programming,raphaelarias,1680596720.0,"If you are dealing with a narcissist, I would start by watching DrRamani videos on YouTube."
machinemind,Neuro-Linguistic Programming,misterarse1,1680619144.0,"My experience with such people, and I work in a prison, I have a lot of experience, is what a previous poster responded with: boundries. These people will not change. What you need to do is know what your boundries are, set them, and then consistently maintain them. 

Also, if you could give some specific scenarios where you think they are trying to manipulate you, perhaps we can help you come up with some strategies."
machinemind,Neuro-Linguistic Programming,Technical_Captain_15,1680628492.0,"Honestly, any book I've come across regarding ""dark psychology"" or ""dark NLP"" is low quality and not worth it. You'd be better off studying original works on NLP.

I'm in a similar situation according to what you wrote in another comment above. I'm on a mission to never be manipulated or deceived ever again. EVER again.

In addition to NLP, get into body language. The Definitive Guide to Body Language by Allen and Barbara Pease is a good place to start. After that, dive into the work of Chase Hughes. The Six Minute X Ray (take your time with that one) is great and so is every video and podcast he's on. Chase says it's best to learn to recognize truth signals rather than deception tells and that makes sense. But why not both? 

There's also several other body language books but I'm not familiar with them yet. Body Language by Julius Fast is an OG.

After that, I would recommend Paul Ekman's work, but I personally haven't gotten into his books yet, they just seem promising.

There's a couple other books that seemed worth reading that are sitting on my shelf, but I haven't dived into just yet.

Never Be Lied to Again by David J Lieberman, and Spy the Lie by Houston, Floyd, and Carnicero

Also, people have mentioned boundaries and I think that is exactly where you should put your focus on to begin with. While I don't have any recommendations for that per se, The Six Pillars of Self-Esteem by Nathaniel Brandon will help with that, especially the chapter on personal integrity.

Let me know if you want to form a book club ü§£"
machinemind,Neuro-Linguistic Programming,WanderingSchola,1680599779.0,"A lot of the books on that subject are as much about *utilising* those techniques as they are defending yourself against them. Understanding language patterns like double binds and compliance sets could be useful for you, but that's something I associate more with hypnosis. 

As others have said, learning how to set and hold boundaries as well as learning how to keep yourself emotionally regulated would be the important ones. Offhand emotional anchoring and practicing taking the emotional charge out of some of your memories of the relationship would be the way forward in terms of NLP.

While I hear you that no-contact isn't an option when you share a child, minimal contact will still probably be a vital part of managing this problem."
machinemind,Neuro-Linguistic Programming,chilibeans30,1680594274.0,For what purpose?
machinemind,Neuro-Linguistic Programming,inacharmedlife777,1680610569.0,"The OP requested book recommendations, not advice.
(I don‚Äôt have any book suggestions, but I hope someone responds to your specific question.)"
machinemind,Neuro-Linguistic Programming,hamburt,1680613959.0,Psychopaths Bible... Christopher Hyatt
machinemind,Neuro-Linguistic Programming,hypnaughtytist,1680617192.0,"The books about the contextual use of NLP are incomplete and fairly useless, unless you notice a specific technique that you read about. I would suggest learning the Meta Model and the Milton Model until you can recite the patterns in your sleep. Have you read The Structure of Magic?"
machinemind,Neuro-Linguistic Programming,25millionusd,1680609341.0,Just name a few good books will ya lot??
machinemind,Neuro-Linguistic Programming,Convenientjellybean,1680605198.0,"Check out other subs for this, (maybe start with r/findareddit ) where can get specific advice . You‚Äôll be pushing a big rock up a steep hill trying to outwit them, they‚Äôll use everything against you."
machinemind,Neuro-Linguistic Programming,Kmbffs,1680574450.0,"Been interested in NLP for years.  Came across this but curios what the group thinks. 

https://www.nlp.com/nlp-training-atlantic-city-nj/"
machinemind,Neuro-Linguistic Programming,Canadia_proud999,1680576324.0,Thats quite a good deal.  My prac training was almost 5 k
machinemind,Neuro-Linguistic Programming,EliteHypnosis,1680610248.0,"If you want to know whether something is legitimate, look at the organization running it, and also who is doing the training.

It doesn't look like a full NLP Practitioner training - The course appears to be called Integrative NLP Practitioner, and is four days in length it appears, although I'm sure it will be life-changing."
machinemind,Neuro-Linguistic Programming,PhatMuchacho,1680456152.0,
machinemind,Neuro-Linguistic Programming,ozmerc,1680456247.0,Congrats! I'm curious what's on a NLP exam?
machinemind,Neuro-Linguistic Programming,hopeislost1000,1680463448.0,I think it‚Äôs great your program had a practical exam.  Congratulations!
machinemind,Neuro-Linguistic Programming,AncientSoulBlessing,1680464032.0,Hooray!  Super proud of you!
machinemind,Neuro-Linguistic Programming,haux_haux,1680468531.0,I'm curious are they affiliated with Bandler or Grinder in any way?
machinemind,Neuro-Linguistic Programming,Mori_564,1680379167.0,"I'm new to this and don't really have the time to spend hours digging through the internet reading whatever wiki article and research paper I can find. Is there a better, more efficient way to learn about NLP?"
machinemind,Neuro-Linguistic Programming,hopeislost1000,1680381580.0,Get an NLP to help you to apply the NLP techniques that are useful to you to your real life situations and your real life goals so that you can give and receive feedback about how to apply these methods and actually receive the benefit of using them.
machinemind,Neuro-Linguistic Programming,EliteHypnosis,1680438324.0,"Applied NLP (as opposed to the core of NLP, modelling) is a fascinating field to explore. The most important question is : What's your reason (or reasons) for learning NLP? This will give me an idea as to possible suggestions to offer you."
machinemind,Neuro-Linguistic Programming,JoostvanderLeij,1680390543.0,Simply start with the free online ABC-NLP Practitioner => https://influence.amsterdam/2021/07/11/free-online-abc-nlp-practitioner/
machinemind,Neuro-Linguistic Programming,nlpdavidshephard,1680424721.0,Have a look at the free video and audio content at www.C21nlp.com.
machinemind,Neuro-Linguistic Programming,Substantial-Car-2,1680389826.0,yes. Join my discord. https://discord.gg/8eRm5xY7
machinemind,Neuro-Linguistic Programming,geefee1010,1680523015.0,"All you have is time. You just want to do things in the easiest and fastest way possible which in turn, will build your foundational knowledge base into a very weak one. 

If your interested in something, dedicate your time and attention to it. There is no magic key."
machinemind,Neuro-Linguistic Programming,helping112358,1680261820.0,"Throwaway account because of reasons‚Ä¶

I recently came to the realization that stress (and possibly, deeper, my personality) is playing against me. Noticed because I went away for a couple of days, left my dog with someone, and I saw my dog much more calm than I knew him (buddy who took care of him has a ‚Äòsuper chill attitude‚Äô). I learned that my dog shook his head quite often as a sign of stress..

Well, I‚Äôm in my 30s and raising a baby boy sonI don‚Äôt want him to be affected with this in the way my dog is. In general, might be affecting the relationship with my wife as well. Me taking it all so serious and being stress.

Long story short‚Ä¶ I want to be very chill, not take it all so serious and don‚Äôt feel stressed (too much to ask, I know). But to truly, a deep and real change. 

Not looking for a magic answer. Just curious of this is something that could be achieved through NLP?

Thanks for reading!"
machinemind,Neuro-Linguistic Programming,Lumpy-Blacksmith-272,1680263127.0,"Yes .NLP can definitely help. A couple of routes you could take.  

Get a couple books on it and go through them and actually do all the exercises as you go.  Watch YouTube videos on specifically which are you want help with nlp in the search.

You could take online or in person practitioner training for yourself, and as you learn, it go through all the exercises.

You could schedule a NLP session with a NLP Practitioner to address one specific item. You can see amazing results in a one hour session.

You could do a day breakthrough session with an NLP master practioner.

Depending on your financial situation and how important change is, a single session can greatly help.

Understand you can change, you have to make a decision to change, and NLP is an amazing and powerful method to do it.

Edit: spelling error"
machinemind,Neuro-Linguistic Programming,NLP__Coach,1680263297.0,"Hi, so nature has given us a range of emotions for a reason. For example, Fear at best gives you Power to make decisions and at worst, gives you PTSD. It is how we use our emotions and program them to work for us and not against us. 

It is good to see you are willing to improve yourself. And Yes, you can definitely achieve this through NLP Coaching or by becoming an NLP Practitioner.

So what NLP does is it makes us consciously aware about the shortcomings of our unconscious mind and helps us to work on it. Once, those shortcomings are corrected, it then again becomes part of the unconscious mind and that is when we are the best versions of ourselves..."
machinemind,Neuro-Linguistic Programming,EliteHypnosis,1680273041.0,"Well done for both realizing you need assistance, and also being open to seeking it out.

I am an NLP Practitioner, and also an Ericksonian Hypnotist (Milton Erickson was one of the original three models for NLP), and a question I have for you to explore now is this:

Do you remember when in your life you first noticed yourself feeling/being stressed? Or as you notice certain patterns in yourself now, how far back to you remember having those patterns? For some people it can go way way back, or alternatively they can appear more recently due to some life change.."
machinemind,Neuro-Linguistic Programming,SapioTist,1680273091.0,"Yes it can. And you can do plenty work on it yourself. The value of working a practitioner is that they can help you thru the blind spots that will be harder for you to discover without external input. Often, the things we need to work on can be glaringly apparent to others, while we are so entrenched in our own perceptual reality that we take these behaviors and reactions as a natural part of life. Kind of like sending your dog to your friends house did. You noticed difference, and the benefit of making change, only after external input. 

Working on these areas alone is like walking into the darkness and hoping to find what you need when you're not even sure what that is. Having someone to help navigate the room can at least send you in the right direction without running into every obstacle on the way. You'll still need to do work of feeling around on the wall for the light switch, but it sure helps when they can help get you across the room without breaking a toe in the process."
machinemind,Neuro-Linguistic Programming,secondattender,1680282750.0,So your theory seems to be that you're too stressed out because you take things too seriously.  You want to take things less seriously so you'll be more relaxed.  Is that an accurate statement?
machinemind,Neuro-Linguistic Programming,WanderingSchola,1680320447.0,"Hi, not an NLP practitioner here, but I have an opinion to throw in. Stress is kind of the symptom of lots of different things:

* Poor self organisation 
* Disorganised/stressful work or home environment
* Nervous system dysregulation from not completing the stress ""cycle""
* Nervous system dysregulation from (C-)PTSD
* Excess stress from belief in stress as inherently negative 
* Lack of resources (fitness, rested-ness, mindfulness) to deal with stressful situations.
* Social stress from things like stigma, poverty, or disability which all affect resource access and expenditure

While NLP can help with some of these (probably through behaviour and belief modification), it's not going to fix all of it.

Having scanned that list, do any of them register as something for you to work on, or that you're interested in?"
machinemind,Neuro-Linguistic Programming,Red-Oak-Capital,1680351063.0,"Yes, unmanaged stress can be situationally transferred to people/pets who share your weekly home and/or work environment.  Book Recommendation:  NLP Self Mastery: 12 Book Mega Bundle by Modern Psychology Publishing.  *On Audible as well as print.*  Logic Premise:  The book is an extremely large compilation of NLP lessons for beginners and users as opposed to those seeking NLP certifications path.  Basically, skip sections that do not target what you desire.  Everything from stress reduction, eating habit changes, anxiety go bye bye routines to motivation visualizations.  It is one of several books I recommend to everyday people in my life that finally ask, things like, ""You never get stressed out.  How?""  or ""Why don't your worry about politics, money or things.""  I explained that I do indeed get both stressed out and worry, but I respond with things like, ""I found that only action seems to resolve things, so I just do not worry during a routine day unless needed before I get ready to go on an international flight, etc.""  and  ""Oh, I just breath a lot to keep working memory from getting zapped.""  Finally, if they are still engaged and listening or inquiring, I take the conversation to the next level by recommending  that they listen to NLP Self Mastery: 12 Book Mega Bundle by Modern Psychology Publishing while driving to work and tell them to Google Richard Bandler.  None of my close friends dove into NLP like I did even though most everyone noticed huge personality changes."
machinemind,Neuro-Linguistic Programming,ozmerc,1680368355.0,"There is physiological stress and psychological stress. It flows as follows. Perceived stressors create psychological stress which in turn trigger physiological stress like raised cortisol and elevated blood pressure.

Your perception of stressors changes over time. Psychologically or consciously you may become habituated to a stressor but physiologically you're anchored into the initial response like raised cortisol levels. You no longer perceive the different physical symptoms so on level you are not stressed. You just call the elevated cortisol levels the ""new"" you. It's your new normal.

A pet or child have heightened sensory perception to ensure they survive in the environment within which they reside. Through pheromones and micro-muscle cues from you they are assessing how to make meaning of their surroundings. 

They won't recognize the stressors as they are not stressors to them. Nor do they have an expectation which is being challenged to identify something as a stressor.

They will however match your physiological responses as they are modeling that it's the best way to survive in this environment.

So with all this said what do you do?

Explore not what stresses you but rather what you feel are your preferences. ""I prefer x"". ""I would rather do x"". Over time when stressors get habituated you develop preferences and a lifestyle to work around them or get through them. You make slight changes to your behaviors and logically explain those changes away. 

These little tolerances or annoyances are now just your ""lifestyle decisions"". They are your opinions or preferences. These subtleties offer a wealth of opportunity for personal transformation.

Start your exploration here and then use many of the NLP tools out there to address what needs to be addressed."
